INSERT INTO Department(DepartmentID,Department_name)
VALUES 
(1,'Cashier'),
(2,'Barista'),
(3,'Manager');

INSERT INTO Employee(EmployeeID,Name,SSN,Address,Birth_date,Sex,ManagerID)
VALUES 
    (1,'Wes Bellefonte','101-04-3219','121 Bunker Hill Terrace','1993-06-07 00:00:00','Male',6),
    (2,'Pincas Dener','114-57-4843','5679 Bowman Trail','1994-04-04 00:00:00','Male',6),
    (3,'Micheil Dauncey','636-22-5036','272 Comanche Trail','1978-06-20 00:00:00','Male',6),
    (4,'Mattie Dykas','515-44-3923','7874 Armistice Crossing','1978-12-03 00:00:00','Female',6),
    (5,'Cristiano Dundredge','521-42-7693','99532 Comanche Place','1998-11-11 00:00:00','Male',6),
    (6,'Cher Wicklen','763-30-4259','3288 Carberry Terrace','2002-12-12 00:00:00','Female',6),
    (7,'Marillin Eacott','657-54-3501','861 David Center','1984-08-10 00:00:00','Female',12),
    (8,'Cece Andryushchenko','517-83-9439','64 Acker Drive','1991-12-05 00:00:00','Male',12),
    (9,'Lanny Bullough','418-29-6575','11673 Derek Street','1987-11-15 00:00:00','Female',12),
    (10,'Ermengarde Meaden','447-33-4832','88827 Miller Avenue','1971-11-17 00:00:00','Female',12),
    (11,'Simonette Titcumb','753-95-1284','3 Farwell Junction','1992-04-26 00:00:00','Female',12),
    (12,'Brietta Flaxon','465-94-8601','6683 Hoard Place','1979-06-05 00:00:00','Female',12),
    (13,'Paton Tull','278-40-6036','48 Esker Terrace','1980-05-17 00:00:00','Male',18),
    (14,'Kimberly Connor','240-58-4463','161 Hudson Junction','1993-01-22 00:00:00','Female',18),
    (15,'Madeleine Blackie','618-37-0990','92983 Maryland Pass','1998-05-26 00:00:00','Female',18),
    (16,'Orelia Netley','197-49-5504','88 Red Cloud Street','1982-07-01 00:00:00','Female',18),
    (17,'Emylee Ramlot','318-74-6274','1429 Novick Circle','1994-06-12 00:00:00','Female',18),
    (18,'Alberik Tresvina','811-73-3993','342 Rockefeller Junction','1991-09-23 00:00:00','Male',18),
    (19,'Cacilie Kik','161-14-8201','0 Homewood Circle','2001-04-01 00:00:00','Female',24),
    (20,'Iormina Mowsdill','326-66-1818','6431 Elka Terrace','1995-12-05 00:00:00','Female',24),
    (21,'Linzy Heindrick','577-46-8940','3 Norway Maple Terrace','1993-09-11 00:00:00','Female',24),
    (22,'Padraig Swire','586-46-2769','492 Pierstorff Pass','1994-11-14 00:00:00','Male',24),
    (23,'Daphna Drewes','347-30-8340','744 Namekagon Hill','1972-01-30 00:00:00','Female',24),
    (24,'Verile Cartmael','221-92-3643','79056 Manley Place','1978-08-31 00:00:00','Female',24),
    (25,'Harrison McCallister','266-32-4511','3 Karstens Junction','1997-07-07 00:00:00','Male',30),
    (26,'Pincus Belvard','460-76-1335','1 Mccormick Point','1995-05-21 00:00:00','Male',30),
    (27,'Glenn Tomley','555-44-6072','71 Quincy Drive','2002-01-07 00:00:00','Female',30),
    (28,'Carolyn Preddle','144-91-6959','32685 Maple Wood Street','1994-04-01 00:00:00','Female',30),
    (29,'Emmalynne Matisse','809-96-8302','0 East Plaza','1997-07-21 00:00:00','Female',30),
    (30,'Andrus Gidman','871-10-6721','2 Crest Line Avenue','1992-01-14 00:00:00','Male',30),
    (31,'Averyl Jaulmes','795-37-0506','0 Arapahoe Parkway','2002-05-12 00:00:00','Female',36),
    (32,'Chadwick Armfirld','843-24-3175','2690 Barby Place','1991-08-07 00:00:00','Male',36),
    (33,'Jolynn Adamik','463-82-3180','6476 Forest Parkway','1982-05-30 00:00:00','Female',36),
    (34,'Inness Dachs','476-21-2170','8939 Cottonwood Trail','1980-03-26 00:00:00','Male',36),
    (35,'Nolana Amis','818-21-6265','7 Sunbrook Road','2002-06-03 00:00:00','Female',36),
    (36,'Emalia Ney','693-95-8455','772 Rusk Plaza','1999-07-23 00:00:00','Female',36),
    (37,'Willie Roncelli','779-98-5593','2 Badeau Terrace','2002-10-04 00:00:00','Male',42),
    (38,'Happy Dimond','255-64-3641','91 Grim Avenue','1984-11-20 00:00:00','Female',42),
    (39,'Keelby Osmund','732-62-0145','3665 Troy Terrace','1990-12-11 00:00:00','Male',42),
    (40,'Kelsey Whimp','423-98-4176','7319 Superior Street','2000-05-25 00:00:00','Male',42),
    (41,'Berty Shardlow','708-44-8072','15870 Holy Cross Pass','2001-04-04 00:00:00','Male',42),
    (42,'Julieta Livingstone','584-01-1325','17356 Melody Terrace','1982-05-14 00:00:00','Female',42),
    (43,'Erwin Brumbie','521-85-9916','8184 Golf View Way','1976-06-08 00:00:00','Male',48),
    (44,'Cam Bernetti','569-01-2596','8521 Bunting Way','1982-05-05 00:00:00','Male',48),
    (45,'Nickolai Foro','302-60-9576','2 Debs Place','1976-09-09 00:00:00','Male',48),
    (46,'Beaufort Lorinez','209-58-6656','682 Barnett Street','1989-12-28 00:00:00','Male',48),
    (47,'Frasier De Angelis','553-52-1866','110 Ridge Oak Junction','1990-04-21 00:00:00','Male',48),
    (48,'Alyson Vidyapin','193-86-5361','2 Northridge Court','1985-05-21 00:00:00','Female',48),
    (49,'Phyllys Roddam','443-26-8741','993 Pankratz Plaza','2001-11-02 00:00:00','Female',54),
    (50,'Amata Yurinov','477-21-5021','47 Upham Point','1998-12-27 00:00:00','Female',54),
    (51,'Lemmie Ruslinge','537-80-3643','8391 Ilene Parkway','1996-02-09 00:00:00','Male',54),
    (52,'Tessa Tewkesberry','242-20-8577','560 Waywood Pass','1984-02-08 00:00:00','Female',54),
    (53,'Wadsworth Kelshaw','736-46-2231','5 Eagle Crest Point','1989-02-21 00:00:00','Male',54),
    (54,'Dagny Selbach','289-35-2535','9 Ohio Lane','1996-12-09 00:00:00','Male',54),
    (55,'Bliss Klais','108-56-2856','7 Reindahl Lane','1985-01-14 00:00:00','Female',60),
    (56,'Vincenty Thirst','445-31-4658','636 Shopko Alley','1978-12-26 00:00:00','Male',60),
    (57,'Hermy Melmoth','715-59-5415','593 Waywood Crossing','1972-07-25 00:00:00','Male',60),
    (58,'Benn Deas','323-28-7173','89 Old Shore Circle','1996-06-30 00:00:00','Male',60),
    (59,'Brade Canet','309-40-9171','7 Dayton Court','1972-08-01 00:00:00','Male',60),
    (60,'Llywellyn Walker','214-81-1426','70 Burrows Road','2002-02-08 00:00:00','Male',60);

INSERT INTO Works_for(DepartmentID,EmployeeID,Dept_start,Dept_end,Wage,Salary)
VALUES 
    (1,1,'2019-09-26 00:00:00','2020-09-26 00:00:00',15.62,NULL),
    (1,2,'2018-05-02 00:00:00','2020-05-02 00:00:00',17.21,NULL),
    (2,3,'2017-02-23 00:00:00','2018-02-23 00:00:00',17.11,NULL),
    (2,4,'2017-02-18 00:00:00','2019-02-18 00:00:00',14.41,NULL),
    (2,5,'2018-07-08 00:00:00','2019-07-08 00:00:00',17.34,NULL),
    (3,6,'2018-05-27 00:00:00','2019-05-27 00:00:00',NULL,50667),
    (1,7,'2016-03-12 00:00:00','2018-03-12 00:00:00',19.72,NULL),
    (1,8,'2018-05-31 00:00:00','2020-05-31 00:00:00',13.42,NULL),
    (2,9,'2017-06-16 00:00:00','2019-06-16 00:00:00',16.36,NULL),
    (2,10,'2015-11-27 00:00:00','2017-11-27 00:00:00',17.35,NULL),
    (2,11,'2017-02-04 00:00:00','2018-02-04 00:00:00',16.54,NULL),
    (3,12,'2019-02-17 00:00:00','2020-02-17 00:00:00',NULL,49304),
    (1,13,'2019-10-17 00:00:00','2021-10-17 00:00:00',19.2,NULL),
    (1,14,'2016-12-21 00:00:00','2017-12-21 00:00:00',19.15,NULL),
    (2,15,'2019-02-02 00:00:00','2020-02-02 00:00:00',15.84,NULL),
    (2,16,'2016-11-05 00:00:00','2017-11-05 00:00:00',19.85,NULL),
    (2,17,'2017-02-07 00:00:00','2019-02-07 00:00:00',17.66,NULL),
    (3,18,'2016-05-09 00:00:00','2017-05-09 00:00:00',NULL,54093),
    (1,19,'2016-08-04 00:00:00','2017-08-04 00:00:00',17.66,NULL),
    (1,20,'2017-07-24 00:00:00','2018-07-24 00:00:00',14.2,NULL),
    (2,21,'2018-06-09 00:00:00','2019-06-09 00:00:00',18.25,NULL),
    (2,22,'2016-08-18 00:00:00','2018-08-18 00:00:00',17.4,NULL),
    (2,23,'2018-06-10 00:00:00','2020-06-10 00:00:00',19.93,NULL),
    (3,24,'2019-05-26 00:00:00','2020-05-26 00:00:00',NULL,42506),
    (1,25,'2017-04-08 00:00:00','2018-04-08 00:00:00',19.33,NULL),
    (1,26,'2018-05-08 00:00:00','2020-05-08 00:00:00',13.86,NULL),
    (2,27,'2016-11-23 00:00:00','2017-11-23 00:00:00',13.2,NULL),
    (2,28,'2018-12-17 00:00:00','2020-12-17 00:00:00',17.97,NULL),
    (2,29,'2019-02-15 00:00:00','2021-02-15 00:00:00',14.76,NULL),
    (3,30,'2016-08-22 00:00:00','2018-08-22 00:00:00',NULL,50510),
    (1,31,'2016-02-18 00:00:00','2017-02-18 00:00:00',13.94,NULL),
    (1,32,'2018-05-27 00:00:00','2020-05-27 00:00:00',17.23,NULL),
    (2,33,'2016-11-14 00:00:00','2017-11-14 00:00:00',12.84,NULL),
    (2,34,'2016-08-19 00:00:00','2017-08-19 00:00:00',14.83,NULL),
    (2,35,'2018-10-04 00:00:00','2019-10-04 00:00:00',14.27,NULL),
    (3,36,'2017-05-10 00:00:00','2019-05-10 00:00:00',NULL,51121),
    (1,37,'2018-07-07 00:00:00','2019-07-07 00:00:00',15.67,NULL),
    (1,38,'2018-12-21 00:00:00','2020-12-21 00:00:00',19.67,NULL),
    (2,39,'2018-02-22 00:00:00','2019-02-22 00:00:00',19.97,NULL),
    (2,40,'2017-09-04 00:00:00','2019-09-04 00:00:00',19.9,NULL),
    (2,41,'2018-07-22 00:00:00','2019-07-22 00:00:00',15.83,NULL),
    (3,42,'2019-05-26 00:00:00','2020-05-26 00:00:00',NULL,40345),
    (1,43,'2016-10-10 00:00:00','2017-10-10 00:00:00',17.5,NULL),
    (1,44,'2018-09-19 00:00:00','2020-09-19 00:00:00',15.68,NULL),
    (2,45,'2016-05-13 00:00:00','2017-05-13 00:00:00',14.81,NULL),
    (2,46,'2016-11-15 00:00:00','2017-11-15 00:00:00',15.86,NULL),
    (2,47,'2016-05-10 00:00:00','2018-05-10 00:00:00',12.96,NULL),
    (3,48,'2018-03-19 00:00:00','2020-03-19 00:00:00',NULL,59517),
    (1,49,'2017-06-17 00:00:00','2018-06-17 00:00:00',17.56,NULL),
    (1,50,'2019-09-23 00:00:00','2021-09-23 00:00:00',17.79,NULL),
    (2,51,'2016-10-11 00:00:00','2017-10-11 00:00:00',13.81,NULL),
    (2,52,'2019-08-21 00:00:00','2021-08-21 00:00:00',12.54,NULL),
    (2,53,'2017-07-22 00:00:00','2018-07-22 00:00:00',12.8,NULL),
    (3,54,'2018-01-29 00:00:00','2020-01-29 00:00:00',NULL,40389),
    (1,55,'2019-08-23 00:00:00','2021-08-23 00:00:00',13.97,NULL),
    (1,56,'2018-05-12 00:00:00','2019-05-12 00:00:00',16.44,NULL),
    (2,57,'2019-01-03 00:00:00','2020-01-03 00:00:00',18.66,NULL),
    (2,58,'2017-05-29 00:00:00','2019-05-29 00:00:00',17.83,NULL),
    (2,59,'2019-07-06 00:00:00','2020-07-06 00:00:00',16.62,NULL),
    (3,60,'2018-07-14 00:00:00','2020-07-14 00:00:00',NULL,57906);

INSERT INTO POrder(POrderID,EmployeeID,Received)
VALUES 
    (1,24,'true'),
    (2,60,'true'),
    (3,24,'true'),
    (4,48,'true'),
    (5,36,'false'),
    (6,18,'true'),
    (7,30,'false'),
    (8,60,'true'),
    (9,24,'true'),
    (10,56,'true'),
    (11,6,'true'),
    (12,12,'true'),
    (13,24,'true'),
    (14,6,'true'),
    (15,12,'false'),
    (16,36,'false'),
    (17,24,'true'),
    (18,6,'true'),
    (19,24,'false'),
    (20,42,'true'),
    (21,30,'false'),
    (22,36,'true'),
    (23,56,'false'),
    (24,30,'true'),
    (25,30,'true'),
    (26,56,'true'),
    (27,18,'true'),
    (28,30,'true'),
    (29,6,'false'),
    (30,6,'false'),
    (31,36,'false'),
    (32,6,'true'),
    (33,12,'true'),
    (34,6,'false'),
    (35,60,'true'),
    (36,6,'true'),
    (37,6,'false'),
    (38,6,'true'),
    (39,6,'true'),
    (40,48,'true'),
    (41,56,'true'),
    (42,6,'true'),
    (43,12,'true'),
    (44,60,'true'),
    (45,6,'true'),
    (46,42,'true'),
    (47,6,'true'),
    (48,6,'true'),
    (49,6,'false'),
    (50,60,'true'),
    (51,24,'true'),
    (52,6,'true'),
    (53,18,'true'),
    (54,30,'true'),
    (55,24,'true'),
    (56,6,'true'),
    (57,36,'true'),
    (58,6,'true'),
    (59,24,'false'),
    (60,6,'false');

INSERT INTO Ingredients(IngredientID,POrderID,Price,Quantity)
VALUES 
    (1,1,736.62,'14 lb'),
    (2,2,792.36,'17 lb'),
    (3,3,170.97,'11 lb'),
    (4,4,382.53,'1 lb'),
    (5,5,744.88,'29 lb'),
    (6,6,427.57,'4 lb'),
    (7,7,13.27,'30 lb'),
    (8,8,213.95,'25 lb'),
    (9,9,902.47,'12 lb'),
    (10,10,727.93,'30 lb'),
    (11,11,89.46,'10 lb'),
    (12,12,168.41,'11 lb'),
    (13,13,573.25,'4 lb'),
    (14,14,647.21,'9 lb'),
    (15,15,675.21,'27 lb'),
    (16,16,809.04,'12 lb'),
    (17,17,991.84,'20 lb'),
    (18,18,481.85,'17 lb'),
    (19,19,832.72,'4 lb'),
    (20,20,822.76,'13 lb'),
    (21,21,139.67,'25 lb'),
    (22,22,381.66,'10 lb'),
    (23,23,926.97,'21 lb'),
    (24,24,673.64,'7 lb'),
    (25,25,360.93,'28 lb'),
    (26,26,104.98,'27 lb'),
    (27,27,544.43,'12 lb'),
    (28,28,685.04,'2 lb'),
    (29,29,533.54,'16 lb'),
    (30,30,349.22,'30 lb'),
    (31,31,844.95,'18 lb'),
    (32,32,417.93,'21 lb'),
    (33,33,963.37,'4 lb'),
    (34,34,270.08,'10 lb'),
    (35,35,216.5,'5 lb'),
    (36,36,116.39,'19 lb'),
    (37,37,718.85,'5 lb'),
    (38,38,465.41,'27 lb'),
    (39,39,189.56,'21 lb'),
    (40,40,400.27,'23 lb'),
    (41,41,894.64,'14 lb'),
    (42,42,195.87,'18 lb'),
    (43,43,963.33,'15 lb'),
    (44,44,986.0,'19 lb'),
    (45,45,785.89,'4 lb'),
    (46,46,806.36,'22 lb'),
    (47,47,63.83,'8 lb'),
    (48,48,780.24,'4 lb'),
    (49,49,585.53,'16 lb'),
    (50,50,350.45,'15 lb'),
    (51,51,102.84,'4 lb'),
    (52,52,291.59,'14 lb'),
    (53,53,580.67,'4 lb'),
    (54,54,636.12,'26 lb'),
    (55,55,147.02,'20 lb'),
    (56,56,935.11,'8 lb'),
    (57,57,314.0,'11 lb'),
    (58,58,810.56,'18 lb'),
    (59,59,182.89,'28 lb'),
    (60,60,203.76,'15 lb');

INSERT INTO Supplier(SupplierID,Supplier_name,Address,Phone_num)
VALUES 
    (1,'Kutch-Jones','3 Bobwhite Plaza','911-996-5426'),
    (2,'Spencer, Jones and Simonis','7194 Golf Course Lane','516-785-8075'),
    (3,'Brown and Sons','4598 5th Crossing','868-443-7382'),
    (4,'Hills, Mueller and Rau','7679 Annamark Way','535-673-4023'),
    (5,'Beahan, Bartoletti and Stanton','3 Forster Point','734-886-5546'),
    (6,'Nikolaus LLC','0043 Judy Road','366-354-8256'),
    (7,'Jaskolski Group','32 David Junction','756-642-3224'),
    (8,'Bernier LLC','23 Farwell Center','316-775-3127'),
    (9,'Bartell Group','041 Grim Road','212-289-6637'),
    (10,'Larson Inc','003 Trailsway Alley','512-215-9511');

INSERT INTO Supplies(SupplierID,IngredientID)
VALUES 
    (6,1),
    (10,2),
    (10,3),
    (7,4),
    (7,5),
    (9,6),
    (7,7),
    (6,8),
    (6,9),
    (10,10),
    (1,11),
    (5,12),
    (1,13),
    (9,14),
    (4,15),
    (6,16),
    (1,17),
    (7,18),
    (8,19),
    (5,20),
    (5,21),
    (3,22),
    (10,23),
    (9,24),
    (3,25),
    (8,26),
    (2,27),
    (7,28),
    (7,29),
    (2,30),
    (6,31),
    (1,32),
    (3,33),
    (3,34),
    (5,35),
    (4,36),
    (2,37),
    (3,38),
    (7,39),
    (5,40),
    (8,41),
    (6,42),
    (9,43),
    (3,44),
    (5,45),
    (1,46),
    (8,47),
    (7,48),
    (1,49),
    (10,50),
    (5,51),
    (1,52),
    (2,53),
    (1,54),
    (5,55),
    (6,56),
    (2,57),
    (9,58),
    (5,59),
    (6,60);

INSERT INTO CoffeeShop(ShopID,Shop_address,Phone_num)
VALUES 
    (1,'6 Monument Trail','342-162-8719'),
    (2,'88662 Ruskin Park','235-802-3636'),
    (3,'816 Lukken Lane','950-819-7788'),
    (4,'73863 Marquette Street','559-640-1440'),
    (5,'5438 Corben Road','376-419-7437'),
    (6,'66 Straubel Point','418-791-5952'),
    (7,'7171 Carpenter Junction','382-108-8612'),
    (8,'1 Sunnyside Road','325-692-9421'),
    (9,'1 Melby Lane','834-836-4314'),
    (10,'04 Scoville Court','733-739-1376');

INSERT INTO Hires(ShopID,EmployeeID,Hire_date,Leave_date)
VALUES 
    (1,1,'2018-03-02 00:00:00','2020-03-02 00:00:00'),
    (1,2,'2017-12-20 00:00:00',NULL),
    (1,3,'2017-07-25 00:00:00','2018-07-25 00:00:00'),
    (1,4,'2018-12-23 00:00:00','2019-12-23 00:00:00'),
    (1,5,'2019-01-05 00:00:00','2020-01-05 00:00:00'),
    (1,6,'2019-06-11 00:00:00',NULL),
    (2,7,'2019-05-17 00:00:00',NULL),
    (2,8,'2019-04-28 00:00:00',NULL),
    (2,9,'2016-08-30 00:00:00','2018-08-30 00:00:00'),
    (2,10,'2015-10-24 00:00:00','2017-10-24 00:00:00'),
    (2,11,'2015-12-24 00:00:00',NULL),
    (2,12,'2016-07-04 00:00:00','2017-07-04 00:00:00'),
    (3,13,'2017-10-13 00:00:00','2019-10-13 00:00:00'),
    (3,14,'2017-12-04 00:00:00','2019-12-04 00:00:00'),
    (3,15,'2017-08-10 00:00:00',NULL),
    (3,16,'2018-04-28 00:00:00',NULL),
    (3,17,'2015-12-11 00:00:00','2016-12-11 00:00:00'),
    (3,18,'2019-02-01 00:00:00','2021-02-01 00:00:00'),
    (4,19,'2017-02-08 00:00:00',NULL),
    (4,20,'2017-04-23 00:00:00',NULL),
    (4,21,'2016-03-28 00:00:00','2018-03-28 00:00:00'),
    (4,22,'2019-07-19 00:00:00',NULL),
    (4,23,'2018-11-14 00:00:00','2020-11-14 00:00:00'),
    (4,24,'2016-07-12 00:00:00',NULL),
    (5,25,'2016-09-09 00:00:00',NULL),
    (5,26,'2016-11-01 00:00:00',NULL),
    (5,27,'2018-08-07 00:00:00',NULL),
    (5,28,'2016-12-17 00:00:00',NULL),
    (5,29,'2018-05-19 00:00:00','2020-05-19 00:00:00'),
    (5,30,'2017-02-11 00:00:00',NULL),
    (6,31,'2016-06-07 00:00:00','2018-06-07 00:00:00'),
    (6,32,'2017-03-12 00:00:00',NULL),
    (6,33,'2016-03-26 00:00:00','2017-03-26 00:00:00'),
    (6,34,'2018-09-05 00:00:00','2019-09-05 00:00:00'),
    (6,35,'2019-02-20 00:00:00','2021-02-20 00:00:00'),
    (6,36,'2018-10-13 00:00:00',NULL),
    (7,37,'2016-04-13 00:00:00',NULL),
    (7,38,'2019-01-22 00:00:00',NULL),
    (7,39,'2019-05-01 00:00:00',NULL),
    (7,40,'2019-04-17 00:00:00',NULL),
    (7,41,'2018-08-24 00:00:00',NULL),
    (7,42,'2016-01-20 00:00:00','2018-01-20 00:00:00'),
    (8,43,'2016-04-16 00:00:00','2017-04-16 00:00:00'),
    (8,44,'2017-04-29 00:00:00',NULL),
    (8,45,'2019-03-11 00:00:00',NULL),
    (8,46,'2015-11-02 00:00:00',NULL),
    (8,47,'2016-02-19 00:00:00','2017-02-19 00:00:00'),
    (8,48,'2018-06-07 00:00:00',NULL),
    (9,49,'2017-10-07 00:00:00',NULL),
    (9,50,'2019-05-22 00:00:00','2021-05-22 00:00:00'),
    (9,51,'2018-09-05 00:00:00',NULL),
    (9,52,'2016-09-12 00:00:00',NULL),
    (9,53,'2015-11-07 00:00:00','2017-11-07 00:00:00'),
    (9,54,'2018-04-28 00:00:00',NULL),
    (10,55,'2017-09-25 00:00:00',NULL),
    (10,56,'2018-06-27 00:00:00',NULL),
    (10,57,'2016-11-22 00:00:00','2017-11-22 00:00:00'),
    (10,58,'2019-08-27 00:00:00','2020-08-27 00:00:00'),
    (10,59,'2015-10-25 00:00:00','2016-10-25 00:00:00'),
    (10,60,'2018-04-14 00:00:00',NULL);

INSERT INTO Inventory(ItemID,EmployeeID,Unaccounted_for,Period,Date_checked)
VALUES 
    (1,6,'0.0 lb','January','2015-02-03 00:00:00'),
    (2,6,'0.0 lb','January','2015-02-03 00:00:00'),
    (3,6,'0.0 lb','January','2015-02-03 00:00:00'),
    (4,6,'0.0 lb','January','2015-02-03 00:00:00'),
    (5,6,'0.2 lb','February','2015-03-02 00:00:00'),
    (6,6,'0.0 lb','February','2015-03-02 00:00:00'),
    (7,6,'0.0 lb','February','2015-03-02 00:00:00'),
    (8,6,'0.0 lb','March','2015-04-03 00:00:00'),
    (9,6,'0 lb','March','2015-04-03 00:00:00'),
    (10,6,'0.0 lb','April','2015-05-02 00:00:00'),
    (11,6,'1 lb','April','2015-05-02 00:00:00'),
    (12,6,'0.0 lb','April','2015-05-02 00:00:00'),
    (13,6,'0.0 lb','April','2015-05-02 00:00:00'),
    (14,6,'0.0 lb','April','2015-05-02 00:00:00'),
    (15,6,'0.0 lb','March','2016-04-04 00:00:00'),
    (16,6,'0.0 lb','April','2016-05-02 00:00:00'),
    (17,6,'0.0 lb','May','2015-06-05 00:00:00'),
    (18,6,'0.0 lb','May','2015-06-05 00:00:00'),
    (19,6,'0.0 lb','May','2015-06-05 00:00:00'),
    (20,6,'0.0 lb','May','2015-06-05 00:00:00'),
    (21,6,'0.0 lb','June','2015-07-05 00:00:00'),
    (22,6,'0.9 lb','June','2015-07-05 00:00:00'),
    (23,6,'0.0 lb','June','2015-07-05 00:00:00'),
    (24,6,'0.0 lb','June','2015-07-05 00:00:00'),
    (25,6,'0.3 lb','June','2015-07-05 00:00:00'),
    (26,6,'0.0 lb','June','2015-07-05 00:00:00'),
    (27,6,'0.0 lb','July','2015-08-03 00:00:00'),
    (28,6,'0.0 lb','July','2015-08-03 00:00:00'),
    (29,6,'0.2 lb','July','2015-08-03 00:00:00'),
    (30,6,'0.2 lb','August','2015-09-03 00:00:00'),
    (31,6,'0.5 lb','August','2015-09-03 00:00:00'),
    (32,6,'0.9 lb','September','2015-10-05 00:00:00'),
    (33,6,'0.0 lb','September','2015-10-05 00:00:00'),
    (34,6,'0.0 lb','September','2015-10-05 00:00:00'),
    (35,6,'0.0 lb','October','2015-11-03 00:00:00'),
    (36,6,'0.0 lb','October','2015-11-03 00:00:00'),
    (37,6,'0.0 lb','November','2015-12-04 00:00:00'),
    (38,6,'0.0 lb','November','2015-12-04 00:00:00'),
    (39,6,'0.7 lb','November','2015-12-04 00:00:00'),
    (40,6,'0.0 lb','December','2016-01-03 00:00:00'),
    (41,6,'0.0 lb','January','2016-02-05 00:00:00'),
    (42,6,'0.5 lb','January','2016-02-05 00:00:00'),
    (43,6,'0.0 lb','February','2016-03-03 00:00:00'),
    (44,6,'1 lb','February','2016-03-03 00:00:00'),
    (45,6,'0.0 lb','February','2016-03-03 00:00:00'),
    (46,6,'0.0 lb','March','2016-04-05 00:00:00'),
    (47,6,'0.3 lb','March','2016-04-05 00:00:00'),
    (48,6,'0.2 lb','March','2016-04-05 00:00:00'),
    (49,6,'0.0 lb','April','2016-05-02 00:00:00'),
    (50,6,'0.5 lb','April','2016-05-02 00:00:00'),
    (51,6,'0 lb','May','2016-06-03 00:00:00'),
    (52,6,'0 lb','May','2016-06-03 00:00:00'),
    (53,6,'0.0 lb','May','2016-06-03 00:00:00'),
    (54,6,'0.0 lb','May','2016-06-03 00:00:00'),
    (55,6,'0.0 lb','June','2016-07-03 00:00:00'),
    (56,6,'0.0 lb','June','2016-07-03 00:00:00'),
    (57,6,'0.0 lb','June','2016-07-03 00:00:00'),
    (58,6,'0.0 lb','July','2016-08-04 00:00:00'),
    (59,6,'0.0 lb','July','2016-08-04 00:00:00'),
    (60,6,'0.0 lb','July','2016-08-04 00:00:00');


INSERT INTO Documents(IngredientID,ItemID,Purchase_amount,Sale_amount,Left_over)
VALUES 
    (1,1,12.42,10.42,'2.0 lb'),
    (2,2,5.09,3.69,'1.4 lb'),
    (3,3,18.01,17.81,'0.2 lb'),
    (4,4,24.57,23.27,'1.3 lb'),
    (5,5,19.92,19.22,'0.7 lb'),
    (6,6,20.36,20.26,'0.1 lb'),
    (7,7,26.14,24.84,'1.3 lb'),
    (8,8,27.39,26.59,'0.8 lb'),
    (9,9,15.51,15.01,'0.5 lb'),
    (10,10,4.73,4.63,'0.1 lb'),
    (11,11,20.19,18.29,'1.9 lb'),
    (12,12,22.02,20.92,'1.1 lb'),
    (13,13,20.62,20.52,'0.1 lb'),
    (14,14,4.05,3.75,'0.3 lb'),
    (15,15,14.08,14.08,'0.0 lb'),
    (16,16,22.0,20.2,'1.8 lb'),
    (17,17,3.11,2.51,'0.6 lb'),
    (18,18,1.34,1.14,'0.2 lb'),
    (19,19,13.06,12.86,'0.2 lb'),
    (20,20,27.58,25.68,'1.9 lb'),
    (21,21,6.71,5.21,'1.5 lb'),
    (22,22,29.4,27.8,'1.6 lb'),
    (23,23,11.9,11.3,'0.6 lb'),
    (24,24,14.8,14.8,'0.0 lb'),
    (25,25,1.01,0.31,'0.7 lb'),
    (26,26,1.29,-0.21,'1.5 lb'),
    (27,27,20.95,19.85,'1.1 lb'),
    (28,28,9.39,7.59,'1.8 lb'),
    (29,29,13.76,13.16,'0.6 lb'),
    (30,30,8.23,6.93,'1.3 lb'),
    (31,31,7.68,5.88,'1.8 lb'),
    (32,32,26.83,25.73,'1.1 lb'),
    (33,33,14.44,13.54,'0.9 lb'),
    (34,34,7.04,6.64,'0.4 lb'),
    (35,35,7.61,7.31,'0.3 lb'),
    (36,36,10.71,9.01,'1.7 lb'),
    (37,37,28.81,28.41,'0.4 lb'),
    (38,38,12.13,10.63,'1.5 lb'),
    (39,39,14.4,14.4,'0.0 lb'),
    (40,40,5.13,3.43,'1.7 lb'),
    (41,41,9.16,8.66,'0.5 lb'),
    (42,42,7.62,5.82,'1.8 lb'),
    (43,43,17.8,17.4,'0.4 lb'),
    (44,44,7.5,5.7,'1.8 lb'),
    (45,45,22.67,20.77,'1.9 lb'),
    (46,46,19.09,17.59,'1.5 lb'),
    (47,47,5.91,5.31,'0.6 lb'),
    (48,48,9.7,9.3,'0.4 lb'),
    (49,49,9.18,8.88,'0.3 lb'),
    (50,50,26.6,26.5,'0.1 lb'),
    (51,51,27.85,27.05,'0.8 lb'),
    (52,52,17.76,17.36,'0.4 lb'),
    (53,53,13.0,12.0,'1.0 lb'),
    (54,54,10.02,8.02,'2.0 lb'),
    (55,55,28.41,27.51,'0.9 lb'),
    (56,56,28.21,26.41,'1.8 lb'),
    (57,57,7.26,6.06,'1.2 lb'),
    (58,58,17.78,16.58,'1.2 lb'),
    (59,59,16.48,14.78,'1.7 lb'),
    (60,60,12.84,11.24,'1.6 lb');

INSERT INTO Customer(CustomerID,Phone_num,Customer_name,Membership_status)
VALUES 
    (1,'750-532-7101','Gare Puffett','true'),
    (2,'400-761-5814','Nancee Morecombe','true'),
    (3,'861-226-7055','Denys Kirimaa','true'),
    (4,'865-320-7468','Wenda McBratney','false'),
    (5,'795-364-8732','Morena Akroyd','false'),
    (6,'783-225-1552','Christoffer Canfield','false'),
    (7,'117-699-3299','Millie Napoli','false'),
    (8,'477-799-1794','Ada Lineen','false'),
    (9,'194-235-3207','Juline Hinrichs','true'),
    (10,'781-339-4405','Bertie Harwin','false'),
    (11,'656-207-4174','Ricki Pullen','false'),
    (12,'882-173-5568','Teodoor Soan','false'),
    (13,'712-546-2521','Peirce Tallman','true'),
    (14,'476-706-5925','Judie Brazener','true'),
    (15,'886-543-6235','Zenia Astlett','false'),
    (16,'205-883-0072','Amory Annear','true'),
    (17,'901-996-6351','Werner Muzzillo','true'),
    (18,'107-488-7539','Shayla Dighton','false'),
    (19,'512-703-4728','Fay Oller','true'),
    (20,'758-514-6506','Menard Jewks','false'),
    (21,'558-751-2027','Cthrine McPharlain','true'),
    (22,'393-969-1747','Lowe Croose','true'),
    (23,'619-962-5437','Nanny Costanza','false'),
    (24,'584-874-9236','Stanton Lester','false'),
    (25,'982-988-0362','Konstanze Barras','true'),
    (26,'443-399-2643','Romonda Lindfors','false'),
    (27,'523-146-8974','Hagan Grocott','false'),
    (28,'308-784-1405','Sofia O''Scanlan','true'),
    (29,'625-363-4052','Abigael Reddoch','false'),
    (30,'743-287-6607','Golda Fisk','true'),
    (31,'698-981-1111','Sherye Ruzek','true'),
    (32,'511-208-2097','Ramsey Benitti','false'),
    (33,'190-441-8862','Wait Piddle','true'),
    (34,'724-300-2357','Margareta Dreye','true'),
    (35,'633-874-1373','Cristal Verrick','false'),
    (36,'712-852-8728','Angy Hugnet','true'),
    (37,'812-292-9322','Juline Dwine','false'),
    (38,'459-380-8192','Jodi Klees','true'),
    (39,'959-200-1824','Lanie Vasyunkin','false'),
    (40,'893-864-4977','Donia McLennan','false'),
    (41,'427-161-5504','Shayne Atter','true'),
    (42,'366-179-9121','Bevin Villaret','true'),
    (43,'510-560-4403','Avictor Scrauniage','true'),
    (44,'724-607-9488','Humfried Cutten','true'),
    (45,'870-817-6563','Ulick Sings','true'),
    (46,'317-544-0085','Rip McLauchlin','true'),
    (47,'269-730-8013','Nomi Layland','false'),
    (48,'851-784-0155','Alfredo Bonfield','true'),
    (49,'165-256-5472','Reuben Spriggen','false'),
    (50,'609-418-7625','Mariann Heinsh','false'),
    (51,'590-952-0213','Wenonah Tomlett','true'),
    (52,'713-990-8300','Dotty Pavitt','false'),
    (53,'218-360-5974','Bronnie Crooks','false'),
    (54,'912-219-4047','Estel Costelloe','false'),
    (55,'551-754-1813','Gabbie Blaxley','false'),
    (56,'217-314-2751','Rudolf Huzzey','true'),
    (57,'567-924-0395','Gerta de Vaen','true'),
    (58,'775-345-5296','Winna Catenot','false'),
    (59,'592-308-5333','Alberto Fairham','true'),
    (60,'333-780-5987','Giulio Semon','true');

INSERT INTO Menu_item(ProductID,Product_name,Size,Store_price)
VALUES 
    (1,'Coffee','Small',0.40),
    (2,'Coffee','Medium',0.50),
    (3,'Coffee','Large',0.60),
    (4,'Tea','Small',0.40),
    (5,'Tea','Medium',0.50),
    (6,'Tea','Large',0.60),
    (7,'Decaf','Small',0.50),
    (8,'Decaf','Medium',0.60),
    (9,'Decaf','Large',0.70),
    (10,'Espresso','Small',0.60),
    (11,'Espresso','Medium',0.75),
    (12,'Espresso','Large',0.90),
    (13,'Hot Cocoa','Small',0.30),
    (14,'Hot Cocoa','Medium',0.40),
    (15,'Hot Cocoa','Large',0.50),
    (16,'Americano','Small',0.45),
    (17,'Americano','Medium',0.60),
    (18,'Americano','Large',0.75),
    (19,'French Press','Small',0.45),
    (20,'French Press','Medium',0.60),
    (21,'French Press','Large',0.75),
    (22,'Frappe','Small',0.50),
    (23,'Frappe','Medium',0.75),
    (24,'Frappe','Large',1.00),
    (25,'Cold Brew','Small',0.45),
    (26,'Cold Brew','Medium',0.55),
    (27,'Cold Brew','Large',0.65),
    (28,'Turkish Coffee','Small',0.50),
    (29,'Turkish Coffee','Medium',0.65),
    (30,'Turkish Coffee','Large',0.80);

INSERT INTO SOrder(SOrderID,CustomerID,Discount,Is_online)
VALUES 
    (1,24,0.10,'true'),
    (2,54,0.10,'true'),
    (3,52,0.00,'true'),
    (4,22,0.00,'true'),
    (5,38,0.10,'false'),
    (6,50,0.10,'true'),
    (7,32,0.00,'true'),
    (8,60,0.00,'false'),
    (9,47,0.10,'true'),
    (10,14,0.00,'true'),
    (11,4,0.10,'false'),
    (12,49,0.00,'true'),
    (13,25,0.00,'true'),
    (14,59,0.10,'false'),
    (15,22,0.10,'true'),
    (16,27,0.10,'true'),
    (17,28,0.00,'true'),
    (18,59,0.10,'true'),
    (19,13,0.10,'false'),
    (20,2,0.10,'true'),
    (21,27,0.00,'true'),
    (22,7,0.10,'false'),
    (23,22,0.00,'true'),
    (24,37,0.00,'true'),
    (25,5,0.10,'true'),
    (26,11,0.10,'true'),
    (27,12,0.00,'true'),
    (28,20,0.00,'false'),
    (29,2,0.00,'false'),
    (30,20,0.00,'false'),
    (31,43,0.10,'true'),
    (32,22,0.00,'false'),
    (33,10,0.00,'false'),
    (34,31,0.00,'false'),
    (35,51,0.10,'true'),
    (36,37,0.10,'false'),
    (37,14,0.10,'true'),
    (38,27,0.10,'false'),
    (39,37,0.00,'true'),
    (40,51,0.00,'true'),
    (41,32,0.00,'true'),
    (42,58,0.00,'false'),
    (43,43,0.10,'false'),
    (44,7,0.00,'false'),
    (45,31,0.00,'true'),
    (46,59,0.10,'true'),
    (47,19,0.00,'false'),
    (48,41,0.00,'false'),
    (49,29,0.00,'true'),
    (50,39,0.00,'false'),
    (51,6,0.00,'false'),
    (52,49,0.10,'true'),
    (53,38,0.10,'false'),
    (54,41,0.10,'true'),
    (55,31,0.10,'true'),
    (56,13,0.10,'false'),
    (57,48,0.10,'true'),
    (58,58,0.00,'false'),
    (59,6,0.00,'false'),
    (60,26,0.00,'false');

INSERT INTO Payed_to(SOrderID,EmployeeID,Pay_info,Pay_date)
VALUES 
    (1,13,'Cash','2017-04-17 07:39:46'),
    (2,43,'Cash','2015-11-24 03:55:00'),
    (3,43,'Debit','2017-08-11 03:39:11'),
    (4,43,'Cash','2017-12-18 07:03:06'),
    (5,49,'Credit','2018-01-19 06:17:03'),
    (6,31,'Credit','2019-06-16 13:45:08'),
    (7,31,'Credit','2017-09-10 13:18:57'),
    (8,49,'Credit','2018-09-20 13:38:00'),
    (9,49,'Debit','2015-11-25 07:15:34'),
    (10,32,'Debit','2018-12-02 23:08:20'),
    (11,43,'Cash','2018-05-01 03:03:18'),
    (12,43,'Cash','2016-02-02 22:46:10'),
    (13,31,'Credit','2018-10-21 19:49:38'),
    (14,37,'Cash','2018-05-03 11:37:49'),
    (15,37,'Debit','2018-11-04 14:06:18'),
    (16,13,'Debit','2016-03-24 17:58:32'),
    (17,37,'Cash','2017-11-04 07:38:21'),
    (18,43,'Debit','2017-11-17 11:08:51'),
    (19,43,'Cash','2018-06-17 20:00:36'),
    (20,13,'Debit','2018-01-14 07:26:28'),
    (21,31,'Debit','2016-04-19 19:11:12'),
    (22,31,'Credit','2016-11-23 15:05:44'),
    (23,43,'Debit','2017-07-04 06:40:04'),
    (24,43,'Credit','2018-05-25 19:44:55'),
    (25,37,'Credit','2018-04-01 12:36:33'),
    (26,49,'Debit','2016-12-02 12:51:40'),
    (27,37,'Cash','2016-05-29 10:18:44'),
    (28,43,'Debit','2018-12-10 13:28:03'),
    (29,32,'Cash','2017-12-05 14:18:27'),
    (30,13,'Debit','2018-06-26 13:05:18'),
    (31,13,'Credit','2017-06-22 20:29:40'),
    (32,43,'Debit','2018-06-08 00:33:17'),
    (33,31,'Debit','2018-10-23 21:10:07'),
    (34,37,'Cash','2017-02-27 12:41:36'),
    (35,32,'Debit','2018-09-18 14:10:00'),
    (36,31,'Debit','2017-12-03 16:29:16'),
    (37,32,'Cash','2019-03-13 23:51:00'),
    (38,49,'Credit','2019-05-27 10:49:05'),
    (39,37,'Cash','2018-11-02 18:54:44'),
    (40,31,'Credit','2017-02-14 14:01:22'),
    (41,31,'Credit','2019-08-27 20:17:37'),
    (42,37,'Cash','2016-09-03 15:28:01'),
    (43,32,'Credit','2017-12-13 18:49:48'),
    (44,37,'Debit','2015-12-26 21:02:17'),
    (45,49,'Credit','2016-12-14 21:04:01'),
    (46,49,'Credit','2019-03-26 12:26:31'),
    (47,13,'Cash','2018-04-30 19:45:50'),
    (48,13,'Cash','2016-12-22 01:38:35'),
    (49,43,'Credit','2016-09-29 15:52:22'),
    (50,37,'Credit','2019-08-13 21:14:35'),
    (51,32,'Cash','2016-07-01 03:25:46'),
    (52,31,'Debit','2016-08-04 23:07:08'),
    (53,49,'Debit','2019-06-18 07:18:57'),
    (54,31,'Cash','2019-07-21 04:48:10'),
    (55,49,'Debit','2019-04-16 08:47:20'),
    (56,37,'Credit','2019-05-08 13:14:03'),
    (57,37,'Cash','2016-01-25 09:05:58'),
    (58,37,'Debit','2018-10-04 07:29:06'),
    (59,49,'Cash','2017-11-10 09:55:59'),
    (60,13,'Credit','2016-09-08 20:57:57');

INSERT INTO Fills(SOrderID,EmployeeID,Time_received,Time_delivered)
VALUES 
    (1,29,'2017-04-17 07:34:13','2017-04-17 07:39:46'),
    (2,33,'2015-11-24 03:52:59','2015-11-24 03:55:00'),
    (3,51,'2017-08-11 03:35:10','2017-08-11 03:39:11'),
    (4,21,'2017-12-18 07:00:54','2017-12-18 07:03:06'),
    (5,59,'2018-01-19 06:15:01','2018-01-19 06:17:03'),
    (6,27,'2019-06-16 13:40:49','2019-06-16 13:45:08'),
    (7,47,'2017-09-10 13:16:11','2017-09-10 13:18:57'),
    (8,5,'2018-09-20 13:35:30','2018-09-20 13:38:00'),
    (9,59,'2015-11-25 07:12:55','2015-11-25 07:15:34'),
    (10,16,'2018-12-02 23:04:00','2018-12-02 23:08:20'),
    (11,4,'2018-05-01 02:59:04','2018-05-01 03:03:18'),
    (12,9,'2016-02-02 22:41:15','2016-02-02 22:46:10'),
    (13,4,'2018-10-21 19:45:18','2018-10-21 19:49:38'),
    (14,16,'2018-05-03 11:35:02','2018-05-03 11:37:49'),
    (15,28,'2018-11-04 14:01:00','2018-11-04 14:06:18'),
    (16,47,'2016-03-24 17:55:20','2016-03-24 17:58:32'),
    (17,15,'2017-11-04 07:35:18','2017-11-04 07:38:21'),
    (18,5,'2017-11-17 11:03:29','2017-11-17 11:08:51'),
    (19,59,'2018-06-17 19:58:02','2018-06-17 20:00:36'),
    (20,10,'2018-01-14 07:21:16','2018-01-14 07:26:28'),
    (21,35,'2016-04-19 19:05:12','2016-04-19 19:11:12'),
    (22,58,'2016-11-23 15:02:53','2016-11-23 15:05:44'),
    (23,52,'2017-07-04 06:36:56','2017-07-04 06:40:04'),
    (24,52,'2018-05-25 19:42:03','2018-05-25 19:44:55'),
    (25,11,'2018-04-01 12:33:31','2018-04-01 12:36:33'),
    (26,40,'2016-12-02 12:46:12','2016-12-02 12:51:40'),
    (27,9,'2016-05-29 10:15:42','2016-05-29 10:18:44'),
    (28,47,'2018-12-10 13:24:00','2018-12-10 13:28:03'),
    (29,58,'2017-12-05 14:16:17','2017-12-05 14:18:27'),
    (30,35,'2018-06-26 13:02:18','2018-06-26 13:05:18'),
    (31,28,'2017-06-22 20:27:26','2017-06-22 20:29:40'),
    (32,47,'2018-06-08 00:27:42','2018-06-08 00:33:17'),
    (33,22,'2018-10-23 21:07:23','2018-10-23 21:10:07'),
    (34,3,'2017-02-27 12:38:55','2017-02-27 12:41:36'),
    (35,29,'2018-09-18 14:04:18','2018-09-18 14:10:00'),
    (36,52,'2017-12-03 16:25:42','2017-12-03 16:29:16'),
    (37,47,'2019-03-13 23:46:55','2019-03-13 23:51:00'),
    (38,41,'2019-05-27 10:43:06','2019-05-27 10:49:05'),
    (39,34,'2018-11-02 18:48:52','2018-11-02 18:54:44'),
    (40,16,'2017-02-14 13:58:02','2017-02-14 14:01:22'),
    (41,4,'2019-08-27 20:15:01','2019-08-27 20:17:37'),
    (42,52,'2016-09-03 15:22:53','2016-09-03 15:28:01'),
    (43,53,'2017-12-13 18:44:47','2017-12-13 18:49:48'),
    (44,52,'2015-12-26 21:00:09','2015-12-26 21:02:17'),
    (45,35,'2016-12-14 20:59:53','2016-12-14 21:04:01'),
    (46,17,'2019-03-26 12:20:55','2019-03-26 12:26:31'),
    (47,41,'2018-04-30 19:41:14','2018-04-30 19:45:50'),
    (48,11,'2016-12-22 01:35:33','2016-12-22 01:38:35'),
    (49,4,'2016-09-29 15:46:37','2016-09-29 15:52:22'),
    (50,45,'2019-08-13 21:09:23','2019-08-13 21:14:35'),
    (51,15,'2016-07-01 03:20:45','2016-07-01 03:25:46'),
    (52,11,'2016-08-04 23:04:36','2016-08-04 23:07:08'),
    (53,47,'2019-06-18 07:16:17','2019-06-18 07:18:57'),
    (54,9,'2019-07-21 04:43:59','2019-07-21 04:48:10'),
    (55,22,'2019-04-16 08:43:23','2019-04-16 08:47:20'),
    (56,29,'2019-05-08 13:08:40','2019-05-08 13:14:03'),
    (57,17,'2016-01-25 09:00:13','2016-01-25 09:05:58'),
    (58,21,'2018-10-04 07:24:03','2018-10-04 07:29:06'),
    (59,29,'2017-11-10 09:50:12','2017-11-10 09:55:59'),
    (60,40,'2016-09-08 20:55:04','2016-09-08 20:57:57');

INSERT INTO Uses(IngredientID,ProductID,Amount_used)
VALUES 
    (1,1,'0.1 lb'),
    (2,2,'0.1 lb'),
    (3,3,'0.1 lb'),
    (4,4,'0.5 lb'),
    (5,5,'0.4 lb'),
    (6,6,'0.1 lb'),
    (7,7,'0.2 lb'),
    (8,8,'0.2 lb'),
    (9,9,'0.4 lb'),
    (10,10,'0.5 lb'),
    (11,11,'0.2 lb'),
    (12,12,'0.3 lb'),
    (13,13,'0.5 lb'),
    (14,14,'0.5 lb'),
    (15,15,'0.3 lb'),
    (16,16,'0.5 lb'),
    (17,17,'0.5 lb'),
    (18,18,'0.3 lb'),
    (19,19,'0.2 lb'),
    (20,20,'0.5 lb'),
    (21,21,'0.5 lb'),
    (22,22,'0.1 lb'),
    (23,23,'0.3 lb'),
    (24,24,'0.4 lb'),
    (25,25,'0.4 lb'),
    (26,26,'0.1 lb'),
    (27,27,'0.5 lb'),
    (28,28,'0.2 lb'),
    (29,29,'0.4 lb'),
    (30,30,'0.1 lb');

INSERT INTO Has(ProductID,SOrderID,Product_price,Product_quantity,Special_instr)
VALUES 
   (2,1,2.5,1,NULL),
    (4,2,2,2,'No Dairy'),
    (13,3,1.5,1,NULL),
    (20,4,3,1,NULL),
    (20,5,3,3,NULL),
    (27,6,3.25,1,NULL),
    (18,7,3.75,5,NULL),
    (22,8,2.5,3,NULL),
    (6,9,3,1,NULL),
    (3,10,3,1,NULL),
    (18,11,3.75,2,NULL),
    (21,12,3.75,5,NULL),
    (5,13,2.5,2,NULL),
    (6,14,3,1,NULL),
    (5,15,2.5,3,NULL),
    (20,16,3,5,NULL),
    (30,17,4,1,NULL),
    (17,18,3,5,NULL),
    (14,19,2,1,NULL),
    (18,20,3.75,1,NULL),
    (21,21,3.75,3,NULL),
    (17,22,3,1,NULL),
    (23,23,3.75,3,NULL),
    (15,24,2.5,4,NULL),
    (25,25,2.25,3,NULL),
    (21,26,3.75,4,NULL),
    (6,27,3,2,NULL),
    (18,28,3.75,3,NULL),
    (21,29,3.75,2,NULL),
    (10,30,3,1,'No Dairy'),
    (5,31,2.5,3,NULL),
    (26,32,2.75,1,NULL),
    (30,33,4,5,NULL),
    (15,34,2.5,4,'No Dairy'),
    (21,35,3.75,1,NULL),
    (11,36,3.75,2,NULL),
    (19,37,2.25,1,NULL),
    (10,38,3,2,NULL),
    (24,39,5,2,NULL),
    (16,40,2.25,4,'No Dairy'),
    (12,41,4.5,1,NULL),
    (24,42,5,1,NULL),
    (21,43,3.75,2,'No Dairy'),
    (23,44,3.75,1,NULL),
    (4,45,2,3,'No Dairy'),
    (2,46,2.5,2,'No Dairy'),
    (10,47,3,1,NULL),
    (6,48,3,5,NULL),
    (14,49,2,2,'No Dairy'),
    (20,50,3,1,NULL),
    (25,51,2.25,1,NULL),
    (2,52,2.5,2,'No Dairy'),
    (17,53,3,2,NULL),
    (3,54,3,3,'No Dairy'),
    (24,55,5,4,NULL),
    (24,56,5,1,NULL),
    (11,57,3.75,1,NULL),
    (17,58,3,1,'No Dairy'),
    (8,59,3,2,'No Dairy'),
    (24,60,5,3,NULL);

INSERT INTO Payment(POrderID,Payed_for)
VALUES 
    (1,'true'),
    (2,'true'),
    (3,'true'),
    (4,'true'),
    (5,'true'),
    (6,'true'),
    (7,'true'),
    (8,'true'),
    (9,'true'),
    (10,'false'),
    (11,'true'),
    (12,'true'),
    (13,'true'),
    (14,'true'),
    (15,'true'),
    (16,'true'),
    (17,'true'),
    (18,'true'),
    (19,'true'),
    (20,'true'),
    (21,'true'),
    (22,'true'),
    (23,'true'),
    (24,'true'),
    (25,'true'),
    (26,'true'),
    (27,'true'),
    (28,'true'),
    (29,'false'),
    (30,'true'),
    (31,'false'),
    (32,'true'),
    (33,'true'),
    (34,'true'),
    (35,'false'),
    (36,'true'),
    (37,'true'),
    (38,'false'),
    (39,'true'),
    (40,'false'),
    (41,'true'),
    (42,'true'),
    (43,'true'),
    (44,'true'),
    (45,'true'),
    (46,'true'),
    (47,'true'),
    (48,'false'),
    (49,'false'),
    (50,'true'),
    (51,'true'),
    (52,'true'),
    (53,'true'),
    (54,'false'),
    (55,'true'),
    (56,'true'),
    (57,'true'),
    (58,'true'),
    (59,'true'),
    (60,'true');